"0","Theory choice computer","5010.17","true","cat7","https://picsum.photos/500/300?random=6","3.9","Dog car do his part car material truth","8"
"1","Money grow","29858.39","true","cat1","https://picsum.photos/500/300?random=7","4.2","Speak say national region bad case I course first factor want decade","5"
"2","Gas kid rise","43111.28","true","cat3","https://picsum.photos/500/300?random=11","2.0","Of around piece government make article drop actually watch force","0"
"3","Career two large center","20444.22","true","cat6","https://picsum.photos/500/300?random=10","3.0","Through move source wonder relate service north but west commercial may","8"
"4","Style record bag down stock","11552.31","true","cat1","https://picsum.photos/500/300?random=25","1.8","Response interview ten billion pick report past always","5"
"5","Agree usually already bed","19184.85","true","cat2","https://picsum.photos/500/300?random=14","1.8","Class send front sound war address morning explain light alone","8"
"6","Energy rather lay return identify","32506.06","true","cat1","https://picsum.photos/500/300?random=8","5.0","Quite old simply face rather debate more future without","5"
"7","Not forget","15902.75","true","cat6","https://picsum.photos/500/300?random=23","4.5","Trouble tonight former section across staff north weight","5"
"8","Fall manager idea issue color","9224.72","true","cat1","https://picsum.photos/500/300?random=14","1.5","We lose water stand single section","4"
"9","Very everything store morning as","41903.20","true","cat5","https://picsum.photos/500/300?random=3","4.8","His itself find add sing standard exactly election money fish garden relationship it","4"
"10","Seek choice","43327.89","true","cat7","https://picsum.photos/500/300?random=18","3.5","We no in pass sound direction administration more walk quite piece","9"
"11","Affect same number drug","12133.97","true","cat4","https://picsum.photos/500/300?random=2","4.7","Season last meeting southern relate when clearly type up","9"
"12","Education think similar","39956.41","true","cat1","https://picsum.photos/500/300?random=9","0.7","Several dark huge itself play pull","9"
"13","Old great","37276.16","true","cat5","https://picsum.photos/500/300?random=22","2.5","Huge TV career bank ten guess","0"
"14","Provide likely","20613.03","true","cat3","https://picsum.photos/500/300?random=12","1.4","Provide other identify fill art by care lose politics shake another","8"
"15","Reality recently hold conference son","5426.10","true","cat5","https://picsum.photos/500/300?random=5","2.3","Foreign remember site military lead travel series large check","9"
"16","Political almost serious","4695.24","true","cat6","https://picsum.photos/500/300?random=25","3.9","Speech mission remember tree care sign arm bar military","0"
"17","Billion parent","37373.57","true","cat3","https://picsum.photos/500/300?random=12","4.5","Carry understand consumer by full parent analysis","9"
"18","Someone treatment over","46619.21","true","cat3","https://picsum.photos/500/300?random=2","3.0","Great top series public none sound include air sort couple hold","5"
"19","Ago again identify","45257.83","true","cat1","https://picsum.photos/500/300?random=10","3.8","Live teach movie I situation understand agree middle student bag grow better","0"
"20","Personal expert already heavy church","35932.89","true","cat2","https://picsum.photos/500/300?random=5","1.2","Wall various foreign agency when personal huge difficult player","5"
"21","Goal clear inside","23808.72","true","cat2","https://picsum.photos/500/300?random=12","4.0","Us accept hope soon yourself affect station member","0"
"22","Of challenge","10036.86","true","cat7","https://picsum.photos/500/300?random=12","0.6","Nothing rather represent two hair describe hundred candidate not go benefit","6"
"23","High trouble drive loss","38101.08","true","cat7","https://picsum.photos/500/300?random=8","2.8","My page single theory everybody particularly test hospital personal move","0"
"24","Agree inside thank hotel","6869.91","true","cat4","https://picsum.photos/500/300?random=19","3.2","Future in opportunity you exist me value generation","9"
